user_id,feature_name,usage_date
U0001,debit_card,2022-12-15
U0001,budget_tracker,2022-06-19
U0001,bill_pay,2022-11-28
U0002,referral_program,2023-05-10
U0002,mobile_deposit,2023-02-26
U0003,mobile_deposit,2022-10-15
U0003,referral_program,2022-12-16
U0004,bill_pay,2023-02-09
U0004,mobile_deposit,2022-10-15
U0005,referral_program,2022-06-17
U0005,budget_tracker,2022-09-06
U0005,bill_pay,2022-03-25
U0006,budget_tracker,2023-03-22
U0006,mobile_deposit,2023-03-14
U0006,bill_pay,2022-07-30
U0007,referral_program,2022-08-05
U0008,debit_card,2022-06-29
U0008,referral_program,2023-01-14
U0008,mobile_deposit,2023-01-22
U0009,budget_tracker,2022-07-27
U0009,debit_card,2022-10-12
U0010,debit_card,2023-03-07
U0011,referral_program,2023-06-16
U0012,mobile_deposit,2022-06-20
U0012,budget_tracker,2022-08-19
U0012,bill_pay,2022-05-10
U0013,bill_pay,2022-04-29
U0013,budget_tracker,2022-12-06
U0013,referral_program,2022-06-24
U0014,debit_card,2023-07-21
U0015,budget_tracker,2022-09-25
U0016,bill_pay,2023-02-10
U0016,mobile_deposit,2022-06-10
U0016,referral_program,2022-12-01
U0017,referral_program,2022-09-18
U0017,bill_pay,2022-11-14
U0018,debit_card,2023-02-01
U0019,referral_program,2023-06-15
U0020,mobile_deposit,2023-07-31
U0020,bill_pay,2023-08-01
U0021,budget_tracker,2023-07-01
U0021,debit_card,2023-02-24
U0022,mobile_deposit,2022-09-19
U0022,budget_tracker,2022-11-28
U0022,referral_program,2022-07-24
U0023,budget_tracker,2023-04-29
U0024,mobile_deposit,2023-03-15
U0024,bill_pay,2023-01-17
U0024,budget_tracker,2023-01-22
U0025,bill_pay,2023-01-25
U0026,bill_pay,2022-07-07
U0026,budget_tracker,2022-06-29
U0026,mobile_deposit,2022-08-22
U0027,mobile_deposit,2022-09-23
U0028,budget_tracker,2023-01-13
U0028,referral_program,2022-12-27
U0028,mobile_deposit,2023-01-13
U0029,debit_card,2023-05-10
U0029,budget_tracker,2023-07-10
U0029,referral_program,2023-04-03
U0030,debit_card,2022-03-02
U0030,referral_program,2022-08-26
U0031,referral_program,2022-08-12
U0032,bill_pay,2022-07-11
U0033,mobile_deposit,2022-10-10
U0033,budget_tracker,2022-11-17
U0034,mobile_deposit,2023-04-29
U0034,debit_card,2023-07-11
U0034,bill_pay,2023-07-05
U0035,debit_card,2023-01-31
U0035,budget_tracker,2023-01-15
U0035,bill_pay,2022-12-08
U0036,mobile_deposit,2022-12-03
U0036,budget_tracker,2022-12-16
U0037,mobile_deposit,2022-03-09
U0038,bill_pay,2023-01-30
U0038,budget_tracker,2023-08-13
U0038,mobile_deposit,2023-06-13
U0039,bill_pay,2022-03-07
U0039,referral_program,2022-08-16
U0040,mobile_deposit,2023-02-09
U0040,debit_card,2023-01-07
U0041,mobile_deposit,2023-07-30
U0042,referral_program,2022-10-21
U0042,debit_card,2023-03-06
U0043,bill_pay,2023-05-08
U0044,debit_card,2022-05-19
U0044,mobile_deposit,2022-11-03
U0045,budget_tracker,2022-06-04
U0045,referral_program,2022-04-18
U0046,referral_program,2023-08-03
U0047,referral_program,2022-11-21
U0047,bill_pay,2022-11-23
U0047,mobile_deposit,2023-01-30
U0048,referral_program,2023-05-19
U0049,debit_card,2022-11-19
U0049,budget_tracker,2023-01-17
U0050,mobile_deposit,2023-02-08
U0050,referral_program,2023-07-23
U0050,budget_tracker,2023-06-23
U0051,budget_tracker,2022-08-24
U0052,debit_card,2023-02-19
U0053,budget_tracker,2022-10-17
U0053,mobile_deposit,2023-04-04
U0053,bill_pay,2023-07-14
U0054,budget_tracker,2023-08-23
U0055,bill_pay,2022-08-28
U0055,debit_card,2022-04-25
U0056,referral_program,2023-04-27
U0056,debit_card,2023-07-28
U0057,referral_program,2022-06-08
U0057,debit_card,2023-01-15
U0057,mobile_deposit,2022-09-26
U0058,bill_pay,2023-05-30
U0058,referral_program,2023-02-13
U0058,debit_card,2023-02-27
U0059,mobile_deposit,2022-03-06
U0060,mobile_deposit,2022-11-18
U0060,budget_tracker,2023-05-18
U0061,budget_tracker,2022-10-28
U0061,debit_card,2022-10-04
U0061,referral_program,2022-10-04
U0062,budget_tracker,2022-08-22
U0063,budget_tracker,2023-07-16
U0064,bill_pay,2022-03-05
U0065,referral_program,2022-05-18
U0066,bill_pay,2022-07-14
U0066,budget_tracker,2022-11-12
U0067,mobile_deposit,2023-03-14
U0068,mobile_deposit,2023-01-19
U0068,bill_pay,2023-02-06
U0068,debit_card,2023-05-02
U0069,mobile_deposit,2023-04-08
U0069,bill_pay,2022-08-24
U0070,debit_card,2022-09-06
U0070,budget_tracker,2023-05-16
U0071,debit_card,2022-10-20
U0072,mobile_deposit,2022-07-06
U0073,budget_tracker,2022-11-22
U0073,debit_card,2023-05-12
U0074,budget_tracker,2023-03-16
U0075,referral_program,2023-08-26
U0076,debit_card,2023-05-02
U0076,mobile_deposit,2023-04-15
U0076,bill_pay,2023-07-23
U0077,bill_pay,2023-05-05
U0077,budget_tracker,2023-05-26
U0078,budget_tracker,2023-05-24
U0078,debit_card,2022-11-04
U0079,debit_card,2023-02-18
U0079,budget_tracker,2023-02-13
U0080,budget_tracker,2023-02-19
U0080,referral_program,2022-12-13
U0080,debit_card,2023-01-17
U0081,referral_program,2022-12-21
U0082,debit_card,2022-11-27
U0082,budget_tracker,2023-03-30
U0082,referral_program,2023-01-24
U0083,debit_card,2023-04-07
U0083,mobile_deposit,2022-11-16
U0084,referral_program,2023-06-10
U0085,debit_card,2023-07-02
U0085,budget_tracker,2023-04-11
U0085,referral_program,2023-09-24
U0086,bill_pay,2022-10-08
U0086,budget_tracker,2022-11-25
U0086,mobile_deposit,2022-12-15
U0087,debit_card,2022-12-07
U0088,mobile_deposit,2022-11-12
U0089,referral_program,2023-06-11
U0089,bill_pay,2023-05-29
U0090,referral_program,2023-01-02
U0090,debit_card,2023-03-25
U0090,bill_pay,2023-03-24
U0091,referral_program,2022-11-04
U0091,budget_tracker,2022-04-27
U0092,mobile_deposit,2023-01-11
U0092,referral_program,2022-07-05
U0092,budget_tracker,2022-10-15
U0093,debit_card,2022-10-20
U0093,referral_program,2022-04-29
U0094,referral_program,2023-04-03
U0095,bill_pay,2022-09-18
U0095,referral_program,2022-06-18
U0095,debit_card,2022-08-25
U0096,referral_program,2023-05-14
U0097,debit_card,2023-03-10
U0098,referral_program,2022-02-17
U0098,bill_pay,2022-07-26
U0099,mobile_deposit,2023-05-13
U0099,debit_card,2023-09-28
U0099,referral_program,2023-05-02
U0100,referral_program,2022-12-19
U0100,bill_pay,2022-07-05
U0101,mobile_deposit,2022-08-26
U0102,debit_card,2022-03-07
U0102,referral_program,2022-03-27
U0102,mobile_deposit,2022-05-10
U0103,referral_program,2022-12-28
U0104,budget_tracker,2022-11-25
U0104,debit_card,2022-06-22
U0105,mobile_deposit,2022-08-26
U0105,budget_tracker,2023-02-10
U0106,referral_program,2023-03-10
U0107,budget_tracker,2023-06-17
U0108,debit_card,2023-01-28
U0108,mobile_deposit,2022-09-25
U0108,bill_pay,2023-01-08
U0109,referral_program,2022-03-23
U0109,debit_card,2022-10-07
U0110,referral_program,2022-07-02
U0110,mobile_deposit,2022-11-05
U0111,debit_card,2022-07-16
U0112,budget_tracker,2023-01-09
U0113,budget_tracker,2023-07-05
U0114,bill_pay,2022-11-07
U0115,mobile_deposit,2022-11-26
U0116,budget_tracker,2022-07-21
U0117,mobile_deposit,2022-05-30
U0117,budget_tracker,2022-03-07
U0118,debit_card,2022-08-30
U0119,debit_card,2023-03-06
U0119,mobile_deposit,2022-10-25
U0119,budget_tracker,2023-04-08
U0120,budget_tracker,2022-05-13
U0120,debit_card,2022-09-07
U0121,debit_card,2023-02-08
U0122,referral_program,2023-03-16
U0122,mobile_deposit,2023-08-29
U0123,budget_tracker,2022-08-23
U0123,bill_pay,2022-12-11
U0124,bill_pay,2022-10-04
U0124,referral_program,2022-08-16
U0125,debit_card,2022-11-26
U0126,mobile_deposit,2022-09-02
U0126,debit_card,2022-10-26
U0127,debit_card,2022-09-27
U0128,mobile_deposit,2023-06-05
U0129,referral_program,2022-10-01
U0129,debit_card,2022-06-05
U0130,budget_tracker,2023-01-03
U0131,debit_card,2023-05-23
U0132,budget_tracker,2023-06-07
U0133,referral_program,2023-06-25
U0134,bill_pay,2022-12-24
U0134,debit_card,2022-09-27
U0135,bill_pay,2022-10-18
U0136,referral_program,2023-04-26
U0136,mobile_deposit,2023-07-20
U0136,debit_card,2023-05-19
U0137,debit_card,2022-07-24
U0137,mobile_deposit,2022-03-20
U0138,referral_program,2022-11-24
U0138,budget_tracker,2023-02-15
U0138,debit_card,2022-07-26
U0139,budget_tracker,2022-05-06
U0139,debit_card,2022-05-10
U0140,referral_program,2023-01-17
U0140,mobile_deposit,2023-07-09
U0141,debit_card,2023-04-29
U0142,mobile_deposit,2023-01-08
U0143,bill_pay,2022-09-21
U0143,budget_tracker,2022-03-01
U0144,bill_pay,2022-06-30
U0144,mobile_deposit,2022-07-18
U0144,debit_card,2022-07-09
U0145,debit_card,2023-01-25
U0145,budget_tracker,2022-12-29
U0146,mobile_deposit,2023-05-19
U0146,bill_pay,2023-05-30
U0147,bill_pay,2023-06-12
U0148,budget_tracker,2022-07-07
U0148,debit_card,2023-02-02
U0149,bill_pay,2022-07-05
U0150,debit_card,2022-10-25
U0150,mobile_deposit,2022-03-08
U0151,debit_card,2022-07-11
U0151,referral_program,2022-10-02
U0152,mobile_deposit,2022-06-06
U0153,mobile_deposit,2023-03-05
U0153,referral_program,2022-07-12
U0153,debit_card,2023-01-15
U0154,debit_card,2023-07-13
U0155,budget_tracker,2023-04-09
U0156,budget_tracker,2023-01-25
U0156,mobile_deposit,2023-04-04
U0156,debit_card,2022-12-15
U0157,debit_card,2022-12-08
U0158,bill_pay,2023-06-18
U0158,budget_tracker,2023-03-05
U0158,referral_program,2023-07-22
U0159,debit_card,2022-04-08
U0160,bill_pay,2022-07-07
U0161,mobile_deposit,2022-03-28
U0161,referral_program,2022-03-07
U0161,debit_card,2022-03-24
U0162,debit_card,2022-04-05
U0162,budget_tracker,2022-09-29
U0163,bill_pay,2023-01-17
U0163,referral_program,2022-10-29
U0163,budget_tracker,2022-08-12
U0164,debit_card,2023-04-01
U0164,referral_program,2023-03-04
U0164,budget_tracker,2023-05-07
U0165,debit_card,2022-02-27
U0165,mobile_deposit,2022-08-07
U0166,budget_tracker,2022-09-23
U0167,bill_pay,2022-11-19
U0168,budget_tracker,2023-05-14
U0169,referral_program,2023-07-11
U0169,mobile_deposit,2022-12-02
U0170,bill_pay,2023-07-17
U0170,budget_tracker,2023-06-15
U0171,bill_pay,2023-02-09
U0171,budget_tracker,2022-11-10
U0171,debit_card,2022-12-05
U0172,debit_card,2023-09-23
U0173,budget_tracker,2023-01-09
U0173,mobile_deposit,2023-05-15
U0173,referral_program,2023-06-07
U0174,debit_card,2022-09-08
U0174,referral_program,2022-08-22
U0174,mobile_deposit,2023-01-19
U0175,debit_card,2023-01-24
U0175,budget_tracker,2023-04-05
U0175,mobile_deposit,2023-01-28
U0176,bill_pay,2023-02-05
U0176,mobile_deposit,2022-10-26
U0176,referral_program,2023-05-10
U0177,budget_tracker,2022-07-07
U0177,mobile_deposit,2022-07-04
U0178,debit_card,2022-09-13
U0178,mobile_deposit,2022-08-24
U0178,bill_pay,2022-06-23
U0179,debit_card,2023-04-29
U0179,bill_pay,2023-04-21
U0179,mobile_deposit,2023-03-18
U0180,debit_card,2023-03-11
U0180,referral_program,2022-12-15
U0181,mobile_deposit,2023-07-20
U0181,referral_program,2023-03-09
U0181,budget_tracker,2023-09-11
U0182,debit_card,2022-08-31
U0182,mobile_deposit,2022-08-13
U0183,referral_program,2022-07-27
U0184,debit_card,2023-03-20
U0184,bill_pay,2022-12-04
U0185,mobile_deposit,2022-06-27
U0185,referral_program,2023-02-06
U0185,budget_tracker,2022-07-09
U0186,mobile_deposit,2023-05-25
U0186,referral_program,2023-04-22
U0186,budget_tracker,2022-11-16
U0187,mobile_deposit,2023-02-01
U0187,bill_pay,2023-05-25
U0187,referral_program,2023-05-20
U0188,debit_card,2023-06-03
U0189,budget_tracker,2022-08-13
U0190,budget_tracker,2023-02-15
U0190,referral_program,2023-03-02
U0190,debit_card,2022-10-05
U0191,budget_tracker,2023-08-05
U0191,bill_pay,2023-03-08
U0191,mobile_deposit,2023-01-06
U0192,budget_tracker,2022-08-10
U0192,mobile_deposit,2023-01-21
U0192,referral_program,2022-09-21
U0193,mobile_deposit,2022-11-26
U0193,referral_program,2022-06-16
U0193,bill_pay,2022-05-24
U0194,referral_program,2022-11-14
U0194,mobile_deposit,2022-11-16
U0194,budget_tracker,2023-01-26
U0195,budget_tracker,2023-04-12
U0195,bill_pay,2022-07-24
U0195,debit_card,2023-01-21
U0196,mobile_deposit,2022-07-29
U0196,bill_pay,2022-09-16
U0197,mobile_deposit,2023-05-11
U0197,budget_tracker,2023-03-05
U0198,debit_card,2022-07-09
U0198,mobile_deposit,2022-03-21
U0199,referral_program,2023-02-04
U0200,mobile_deposit,2023-08-05
U0201,bill_pay,2022-06-29
U0201,budget_tracker,2022-09-26
U0201,referral_program,2022-08-13
U0202,mobile_deposit,2022-08-29
U0202,bill_pay,2022-09-26
U0202,debit_card,2022-05-01
U0203,mobile_deposit,2023-02-10
U0204,debit_card,2022-08-18
U0205,budget_tracker,2022-10-24
U0206,bill_pay,2023-02-08
U0206,referral_program,2022-08-05
U0206,budget_tracker,2022-11-11
U0207,mobile_deposit,2022-01-30
U0208,budget_tracker,2022-12-21
U0208,mobile_deposit,2022-06-01
U0208,bill_pay,2022-09-24
U0209,budget_tracker,2023-03-22
U0209,debit_card,2022-12-28
U0210,bill_pay,2022-07-02
U0210,mobile_deposit,2022-09-25
U0210,referral_program,2022-07-25
U0211,mobile_deposit,2022-12-25
U0212,budget_tracker,2022-09-03
U0212,debit_card,2023-04-03
U0213,mobile_deposit,2022-11-30
U0213,bill_pay,2022-12-17
U0213,budget_tracker,2023-01-13
U0214,bill_pay,2022-10-23
U0215,referral_program,2022-12-06
U0216,budget_tracker,2022-03-19
U0217,mobile_deposit,2023-03-24
U0217,budget_tracker,2022-07-20
U0218,mobile_deposit,2023-05-06
U0218,bill_pay,2022-08-12
U0218,budget_tracker,2023-01-11
U0219,debit_card,2022-08-29
U0219,mobile_deposit,2022-12-10
U0219,referral_program,2022-09-25
U0220,mobile_deposit,2023-05-02
U0220,debit_card,2022-12-21
U0221,budget_tracker,2023-01-09
U0222,referral_program,2023-01-07
U0222,mobile_deposit,2023-06-09
U0223,debit_card,2023-03-28
U0223,budget_tracker,2022-07-24
U0223,bill_pay,2023-04-23
U0224,mobile_deposit,2022-08-25
U0225,debit_card,2022-07-04
U0225,referral_program,2022-11-01
U0225,budget_tracker,2022-09-14
U0226,debit_card,2023-04-05
U0227,budget_tracker,2022-12-24
U0227,debit_card,2022-12-05
U0228,referral_program,2022-11-07
U0228,mobile_deposit,2023-03-11
U0228,bill_pay,2023-05-05
U0229,mobile_deposit,2023-01-24
U0229,debit_card,2023-07-28
U0229,budget_tracker,2023-04-12
U0230,referral_program,2022-07-26
U0231,mobile_deposit,2022-11-24
U0231,debit_card,2023-02-04
U0232,budget_tracker,2023-02-06
U0233,bill_pay,2022-07-30
U0233,budget_tracker,2022-06-20
U0234,bill_pay,2022-12-31
U0234,budget_tracker,2023-01-15
U0235,debit_card,2022-08-08
U0235,bill_pay,2023-04-08
U0235,referral_program,2022-11-10
U0236,budget_tracker,2022-07-14
U0236,bill_pay,2022-11-24
U0237,referral_program,2022-12-30
U0237,budget_tracker,2022-10-28
U0237,bill_pay,2022-10-26
U0238,debit_card,2023-07-06
U0239,budget_tracker,2023-06-07
U0239,bill_pay,2023-07-14
U0239,debit_card,2023-06-25
U0240,referral_program,2022-10-23
U0240,debit_card,2023-01-29
U0241,debit_card,2022-12-02
U0242,debit_card,2023-02-18
U0242,budget_tracker,2022-09-23
U0243,budget_tracker,2023-04-06
U0243,mobile_deposit,2023-05-14
U0244,mobile_deposit,2022-09-03
U0244,budget_tracker,2022-08-27
U0245,referral_program,2022-12-10
U0246,mobile_deposit,2023-03-06
U0246,referral_program,2023-06-14
U0247,budget_tracker,2023-03-01
U0247,referral_program,2023-04-10
U0248,budget_tracker,2023-08-04
U0248,debit_card,2023-08-12
U0249,debit_card,2022-08-22
U0249,budget_tracker,2022-06-20
U0249,bill_pay,2022-11-01
U0250,bill_pay,2022-05-12
U0251,mobile_deposit,2023-03-12
U0251,bill_pay,2023-01-21
U0251,debit_card,2023-07-17
U0252,budget_tracker,2023-02-24
U0252,referral_program,2023-03-23
U0252,debit_card,2023-06-15
U0253,budget_tracker,2022-08-31
U0253,debit_card,2023-02-27
U0254,referral_program,2023-05-08
U0254,bill_pay,2023-04-26
U0255,budget_tracker,2022-08-10
U0256,referral_program,2022-12-24
U0256,debit_card,2023-07-12
U0256,bill_pay,2023-04-09
U0257,mobile_deposit,2022-08-02
U0258,bill_pay,2023-02-25
U0258,referral_program,2023-04-20
U0259,referral_program,2023-02-12
U0260,mobile_deposit,2022-09-12
U0260,referral_program,2023-03-07
U0260,bill_pay,2023-01-01
U0261,mobile_deposit,2023-01-04
U0262,bill_pay,2023-01-13
U0262,referral_program,2022-10-08
U0262,budget_tracker,2022-08-14
U0263,referral_program,2022-04-04
U0263,mobile_deposit,2022-10-08
U0264,mobile_deposit,2022-01-09
U0265,mobile_deposit,2023-04-13
U0265,debit_card,2023-02-08
U0265,budget_tracker,2023-03-29
U0266,mobile_deposit,2022-10-28
U0266,bill_pay,2022-12-08
U0267,debit_card,2022-09-17
U0267,bill_pay,2022-08-02
U0268,referral_program,2022-07-25
U0269,debit_card,2022-07-26
U0269,budget_tracker,2023-02-02
U0270,referral_program,2022-08-31
U0271,budget_tracker,2022-12-16
U0271,debit_card,2023-03-24
U0271,referral_program,2023-01-06
U0272,budget_tracker,2022-05-18
U0273,budget_tracker,2023-03-08
U0273,referral_program,2023-01-29
U0273,bill_pay,2022-08-07
U0274,bill_pay,2023-02-26
U0274,referral_program,2023-06-27
U0274,mobile_deposit,2023-05-24
U0275,debit_card,2022-11-12
U0275,mobile_deposit,2023-03-13
U0275,bill_pay,2022-12-17
U0276,referral_program,2022-05-28
U0276,bill_pay,2022-06-18
U0277,budget_tracker,2022-10-17
U0277,debit_card,2022-08-31
U0277,mobile_deposit,2023-01-06
U0278,referral_program,2022-12-09
U0278,mobile_deposit,2022-05-23
U0279,referral_program,2022-12-07
U0279,bill_pay,2022-10-15
U0279,mobile_deposit,2022-10-27
U0280,referral_program,2023-03-13
U0281,budget_tracker,2022-11-25
U0282,referral_program,2022-06-07
U0282,bill_pay,2022-11-08
U0283,debit_card,2022-08-20
U0283,referral_program,2022-05-24
U0283,mobile_deposit,2022-08-13
U0284,debit_card,2022-12-15
U0284,budget_tracker,2022-11-22
U0285,debit_card,2023-07-10
U0285,mobile_deposit,2023-03-31
U0285,bill_pay,2023-06-25
U0286,referral_program,2022-09-15
U0287,budget_tracker,2023-03-08
U0287,mobile_deposit,2023-06-06
U0288,referral_program,2022-05-30
U0289,budget_tracker,2022-11-01
U0289,mobile_deposit,2023-01-02
U0290,debit_card,2023-01-15
U0290,mobile_deposit,2022-08-09
U0290,budget_tracker,2022-10-09
U0291,referral_program,2023-07-16
U0291,debit_card,2023-04-20
U0291,bill_pay,2023-03-29
U0292,budget_tracker,2023-08-08
U0293,bill_pay,2022-12-02
U0293,budget_tracker,2022-11-02
U0294,referral_program,2022-12-03
U0294,budget_tracker,2023-04-13
U0294,mobile_deposit,2023-01-18
U0295,debit_card,2022-10-02
U0295,mobile_deposit,2022-11-24
U0296,mobile_deposit,2022-09-02
U0297,bill_pay,2023-01-27
U0298,debit_card,2023-01-15
U0299,bill_pay,2022-04-19
U0299,debit_card,2022-07-22
U0299,mobile_deposit,2022-09-17
U0300,mobile_deposit,2023-05-22
U0300,debit_card,2023-05-30
U0300,budget_tracker,2023-05-21
U0301,budget_tracker,2022-12-31
U0301,referral_program,2022-12-28
U0301,bill_pay,2023-05-17
U0302,bill_pay,2023-06-20
U0302,budget_tracker,2023-03-22
U0302,mobile_deposit,2023-02-15
U0303,debit_card,2022-12-07
U0304,debit_card,2023-02-25
U0305,budget_tracker,2022-07-22
U0306,budget_tracker,2022-08-14
U0306,bill_pay,2022-08-01
U0307,budget_tracker,2022-10-21
U0307,debit_card,2023-01-20
U0308,bill_pay,2022-07-05
U0309,bill_pay,2022-09-30
U0309,mobile_deposit,2023-02-24
U0310,budget_tracker,2022-11-22
U0310,bill_pay,2023-02-09
U0310,referral_program,2023-02-08
U0311,debit_card,2022-03-29
U0311,budget_tracker,2022-04-13
U0312,debit_card,2023-04-25
U0313,referral_program,2023-08-27
U0313,bill_pay,2023-07-25
U0313,mobile_deposit,2023-01-02
U0314,bill_pay,2022-03-30
U0314,budget_tracker,2022-03-09
U0314,mobile_deposit,2022-11-02
U0315,referral_program,2023-01-11
U0315,bill_pay,2023-05-13
U0315,mobile_deposit,2022-11-25
U0316,budget_tracker,2023-05-31
U0317,bill_pay,2022-04-14
U0317,referral_program,2022-10-02
U0317,debit_card,2022-04-06
U0318,bill_pay,2023-03-17
U0319,referral_program,2023-07-24
U0319,budget_tracker,2022-11-28
U0319,debit_card,2023-02-27
U0320,bill_pay,2023-06-07
U0320,budget_tracker,2022-11-12
U0321,bill_pay,2022-05-16
U0321,mobile_deposit,2022-07-18
U0321,referral_program,2023-01-23
U0322,budget_tracker,2023-04-21
U0323,budget_tracker,2023-05-29
U0323,bill_pay,2023-03-19
U0323,debit_card,2023-02-18
U0324,debit_card,2023-04-23
U0324,bill_pay,2023-03-01
U0325,mobile_deposit,2023-02-13
U0326,mobile_deposit,2022-02-09
U0327,debit_card,2022-09-29
U0327,referral_program,2022-03-09
U0327,mobile_deposit,2022-09-24
U0328,referral_program,2022-09-29
U0328,mobile_deposit,2022-12-19
U0328,bill_pay,2023-03-24
U0329,referral_program,2022-10-18
U0329,debit_card,2022-04-16
U0329,bill_pay,2022-07-06
U0330,bill_pay,2022-02-19
U0330,budget_tracker,2022-07-12
U0331,referral_program,2022-07-19
U0331,budget_tracker,2022-11-21
U0332,budget_tracker,2022-09-07
U0332,mobile_deposit,2022-10-22
U0333,referral_program,2022-06-18
U0333,debit_card,2022-10-18
U0333,budget_tracker,2022-08-09
U0334,mobile_deposit,2022-05-10
U0334,bill_pay,2022-03-05
U0334,referral_program,2022-07-22
U0335,referral_program,2022-08-15
U0335,debit_card,2022-07-13
U0336,bill_pay,2022-09-30
U0336,referral_program,2022-08-25
U0337,debit_card,2023-05-05
U0337,mobile_deposit,2022-11-06
U0337,budget_tracker,2023-05-20
U0338,debit_card,2022-09-30
U0339,budget_tracker,2023-05-09
U0340,debit_card,2023-06-12
U0341,debit_card,2023-06-12
U0341,budget_tracker,2022-11-16
U0342,debit_card,2023-03-04
U0343,referral_program,2022-10-30
U0344,debit_card,2022-10-08
U0345,debit_card,2023-02-01
U0345,referral_program,2022-08-31
U0346,bill_pay,2022-08-11
U0346,referral_program,2022-08-10
U0346,debit_card,2022-08-23
U0347,bill_pay,2023-03-24
U0347,mobile_deposit,2022-10-01
U0348,budget_tracker,2022-11-11
U0349,bill_pay,2022-08-03
U0350,mobile_deposit,2023-02-25
U0350,referral_program,2022-12-15
U0350,debit_card,2022-10-07
U0351,debit_card,2023-05-29
U0351,budget_tracker,2023-06-13
U0351,bill_pay,2023-01-03
U0352,mobile_deposit,2022-11-26
U0352,budget_tracker,2022-09-11
U0352,referral_program,2023-02-25
U0353,referral_program,2022-02-08
U0353,mobile_deposit,2022-02-07
U0353,budget_tracker,2022-02-01
U0354,debit_card,2022-12-14
U0355,bill_pay,2023-05-08
U0355,mobile_deposit,2023-03-18
U0355,debit_card,2023-04-23
U0356,bill_pay,2022-02-26
U0356,debit_card,2022-06-22
U0356,referral_program,2022-04-02
U0357,budget_tracker,2022-11-12
U0357,referral_program,2022-07-06
U0357,debit_card,2022-08-03
U0358,budget_tracker,2023-02-04
U0359,mobile_deposit,2023-10-07
U0359,budget_tracker,2023-02-07
U0360,mobile_deposit,2023-02-01
U0360,bill_pay,2023-02-08
U0360,budget_tracker,2023-04-14
U0361,referral_program,2023-01-15
U0361,mobile_deposit,2023-03-16
U0362,debit_card,2022-12-30
U0362,bill_pay,2022-05-21
U0362,mobile_deposit,2022-10-31
U0363,bill_pay,2023-04-15
U0363,mobile_deposit,2022-11-06
U0364,referral_program,2023-06-21
U0364,bill_pay,2023-07-21
U0364,budget_tracker,2023-08-03
U0365,mobile_deposit,2022-06-12
U0365,referral_program,2023-01-05
U0366,bill_pay,2022-06-30
U0367,debit_card,2023-02-16
U0368,budget_tracker,2022-11-08
U0368,referral_program,2023-06-01
U0368,bill_pay,2023-04-29
U0369,budget_tracker,2023-01-04
U0370,mobile_deposit,2023-03-25
U0370,debit_card,2023-06-28
U0371,mobile_deposit,2023-03-14
U0372,debit_card,2022-06-30
U0372,mobile_deposit,2022-08-02
U0373,budget_tracker,2022-08-06
U0373,bill_pay,2022-05-16
U0373,debit_card,2022-09-24
U0374,referral_program,2022-11-29
U0374,mobile_deposit,2022-08-19
U0374,budget_tracker,2022-06-25
U0375,debit_card,2023-05-03
U0375,mobile_deposit,2023-04-18
U0376,debit_card,2022-07-24
U0376,referral_program,2022-05-25
U0377,bill_pay,2023-05-12
U0377,referral_program,2023-07-14
U0378,referral_program,2023-07-30
U0378,mobile_deposit,2023-03-20
U0379,budget_tracker,2022-04-03
U0379,debit_card,2022-03-12
U0379,referral_program,2022-03-12
U0380,budget_tracker,2023-03-20
U0380,bill_pay,2023-07-31
U0380,referral_program,2023-06-19
U0381,debit_card,2023-07-28
U0382,referral_program,2022-05-16
U0382,mobile_deposit,2022-08-07
U0383,debit_card,2022-06-27
U0384,debit_card,2022-08-02
U0385,debit_card,2023-01-02
U0385,budget_tracker,2023-07-29
U0385,mobile_deposit,2023-01-08
U0386,referral_program,2022-12-03
U0386,mobile_deposit,2023-03-09
U0387,budget_tracker,2022-06-08
U0387,bill_pay,2022-08-11
U0388,debit_card,2022-10-09
U0388,bill_pay,2022-06-23
U0389,bill_pay,2022-09-24
U0389,budget_tracker,2022-08-15
U0389,debit_card,2022-04-27
U0390,bill_pay,2023-05-31
U0391,debit_card,2023-06-27
U0392,debit_card,2022-11-23
U0393,bill_pay,2022-12-22
U0393,mobile_deposit,2023-05-27
U0394,mobile_deposit,2023-08-10
U0394,budget_tracker,2023-05-22
U0395,mobile_deposit,2022-06-02
U0395,bill_pay,2022-11-19
U0395,debit_card,2022-04-11
U0396,referral_program,2023-03-10
U0396,bill_pay,2022-08-19
U0396,debit_card,2022-11-01
U0397,mobile_deposit,2023-04-19
U0398,mobile_deposit,2022-07-15
U0399,budget_tracker,2022-10-08
U0400,mobile_deposit,2023-02-01
U0400,budget_tracker,2022-12-19
U0401,bill_pay,2022-12-02
U0401,debit_card,2023-01-23
U0401,mobile_deposit,2023-03-20
U0402,bill_pay,2023-08-31
U0402,referral_program,2023-06-11
U0402,budget_tracker,2023-05-19
U0403,bill_pay,2022-07-29
U0403,budget_tracker,2022-05-23
U0403,mobile_deposit,2022-09-28
U0404,referral_program,2023-06-04
U0404,mobile_deposit,2023-09-06
U0404,budget_tracker,2023-06-09
U0405,bill_pay,2023-07-06
U0405,budget_tracker,2022-12-14
U0405,mobile_deposit,2023-08-14
U0406,mobile_deposit,2023-04-20
U0406,debit_card,2022-12-28
U0406,referral_program,2022-12-29
U0407,bill_pay,2022-09-20
U0407,budget_tracker,2022-10-03
U0407,mobile_deposit,2023-01-13
U0408,referral_program,2023-08-01
U0408,bill_pay,2023-06-02
U0408,mobile_deposit,2023-01-09
U0409,budget_tracker,2022-12-02
U0409,bill_pay,2023-06-24
U0409,referral_program,2022-10-11
U0410,referral_program,2022-05-09
U0411,debit_card,2022-08-11
U0411,budget_tracker,2022-05-25
U0411,mobile_deposit,2022-09-05
U0412,debit_card,2023-04-10
U0412,budget_tracker,2023-03-03
U0413,mobile_deposit,2022-03-05
U0414,mobile_deposit,2022-11-15
U0414,budget_tracker,2022-09-29
U0415,debit_card,2023-01-26
U0415,budget_tracker,2022-12-18
U0416,mobile_deposit,2022-05-06
U0416,budget_tracker,2022-07-14
U0416,referral_program,2022-02-21
U0417,bill_pay,2022-06-01
U0417,referral_program,2022-06-09
U0417,budget_tracker,2022-04-22
U0418,mobile_deposit,2023-04-15
U0418,referral_program,2022-11-24
U0419,bill_pay,2022-10-11
U0420,debit_card,2023-01-27
U0421,referral_program,2023-09-17
U0422,budget_tracker,2022-06-05
U0422,debit_card,2022-10-01
U0423,budget_tracker,2023-10-07
U0423,debit_card,2023-01-28
U0423,bill_pay,2023-08-23
U0424,budget_tracker,2023-05-11
U0424,referral_program,2023-08-17
U0424,mobile_deposit,2022-12-31
U0425,budget_tracker,2023-08-27
U0426,mobile_deposit,2022-06-21
U0426,bill_pay,2022-09-18
U0426,budget_tracker,2022-10-14
U0427,bill_pay,2023-04-18
U0428,budget_tracker,2022-05-19
U0428,bill_pay,2022-07-11
U0428,debit_card,2022-11-01
U0429,bill_pay,2022-08-19
U0430,debit_card,2022-11-22
U0431,referral_program,2023-02-25
U0432,bill_pay,2022-11-16
U0432,debit_card,2022-09-19
U0432,budget_tracker,2022-11-25
U0433,bill_pay,2022-12-31
U0434,bill_pay,2023-07-17
U0435,bill_pay,2023-07-28
U0435,mobile_deposit,2022-10-27
U0435,budget_tracker,2023-01-21
U0436,referral_program,2022-08-20
U0436,bill_pay,2023-01-03
U0436,mobile_deposit,2022-05-17
U0437,debit_card,2022-08-10
U0438,mobile_deposit,2023-02-26
U0438,debit_card,2023-08-27
U0439,mobile_deposit,2022-12-09
U0439,referral_program,2022-11-29
U0440,bill_pay,2022-05-19
U0440,budget_tracker,2022-09-23
U0441,referral_program,2023-06-02
U0441,debit_card,2023-07-08
U0442,referral_program,2023-05-04
U0443,referral_program,2022-11-15
U0444,mobile_deposit,2022-07-31
U0444,bill_pay,2022-12-17
U0445,debit_card,2022-08-02
U0445,mobile_deposit,2022-03-23
U0445,bill_pay,2022-10-06
U0446,bill_pay,2022-11-17
U0447,referral_program,2022-01-05
U0447,budget_tracker,2022-01-08
U0448,bill_pay,2023-06-13
U0448,debit_card,2022-12-11
U0449,debit_card,2022-11-23
U0450,debit_card,2022-05-12
U0451,bill_pay,2022-11-22
U0451,mobile_deposit,2022-06-10
U0451,budget_tracker,2022-07-02
U0452,budget_tracker,2022-12-26
U0452,mobile_deposit,2022-10-16
U0452,referral_program,2023-02-17
U0453,bill_pay,2022-11-25
U0453,debit_card,2022-03-11
U0454,mobile_deposit,2022-12-22
U0454,bill_pay,2022-07-06
U0455,mobile_deposit,2023-01-13
U0455,debit_card,2022-10-05
U0456,bill_pay,2023-01-11
U0456,mobile_deposit,2023-01-12
U0456,budget_tracker,2023-07-17
U0457,budget_tracker,2022-12-30
U0457,mobile_deposit,2022-12-18
U0458,debit_card,2023-04-07
U0458,bill_pay,2023-03-20
U0458,mobile_deposit,2022-10-26
U0459,referral_program,2022-09-05
U0460,debit_card,2023-02-14
U0460,bill_pay,2022-12-26
U0460,budget_tracker,2022-12-04
U0461,referral_program,2023-05-03
U0461,debit_card,2023-03-29
U0462,referral_program,2023-04-30
U0462,debit_card,2023-04-15
U0462,mobile_deposit,2023-02-20
U0463,referral_program,2022-12-10
U0463,bill_pay,2022-10-08
U0464,mobile_deposit,2022-09-22
U0464,debit_card,2022-07-23
U0465,mobile_deposit,2022-10-09
U0465,referral_program,2022-06-27
U0465,debit_card,2022-08-21
U0466,budget_tracker,2022-11-30
U0466,bill_pay,2022-10-22
U0466,debit_card,2023-01-19
U0467,bill_pay,2023-04-28
U0467,budget_tracker,2022-09-05
U0467,debit_card,2022-12-10
U0468,bill_pay,2022-10-28
U0468,mobile_deposit,2023-02-14
U0469,budget_tracker,2022-09-25
U0469,debit_card,2023-02-09
U0469,referral_program,2022-11-22
U0470,bill_pay,2022-10-03
U0471,bill_pay,2022-04-24
U0471,referral_program,2022-07-17
U0471,mobile_deposit,2022-08-29
U0472,bill_pay,2022-10-01
U0472,mobile_deposit,2022-04-18
U0472,referral_program,2022-11-22
U0473,debit_card,2022-12-24
U0473,budget_tracker,2022-10-12
U0473,referral_program,2022-11-03
U0474,referral_program,2022-11-12
U0475,budget_tracker,2022-08-19
U0475,referral_program,2023-03-12
U0476,bill_pay,2023-08-19
U0476,mobile_deposit,2023-02-26
U0477,mobile_deposit,2022-05-22
U0477,bill_pay,2022-02-11
U0478,debit_card,2022-06-19
U0479,referral_program,2023-01-07
U0480,budget_tracker,2022-09-28
U0480,debit_card,2023-07-07
U0480,referral_program,2023-04-12
U0481,referral_program,2022-09-30
U0481,budget_tracker,2023-01-01
U0482,debit_card,2023-02-06
U0483,referral_program,2022-09-20
U0483,budget_tracker,2022-04-06
U0483,debit_card,2022-07-06
U0484,bill_pay,2022-12-15
U0484,debit_card,2022-11-20
U0484,budget_tracker,2023-04-18
U0485,referral_program,2022-02-06
U0485,mobile_deposit,2022-05-12
U0485,bill_pay,2022-10-27
U0486,referral_program,2022-10-10
U0486,budget_tracker,2023-01-07
U0487,referral_program,2023-05-22
U0487,bill_pay,2023-06-25
U0487,debit_card,2023-03-20
U0488,debit_card,2022-07-16
U0488,referral_program,2022-08-09
U0488,bill_pay,2022-04-23
U0489,debit_card,2022-11-25
U0489,budget_tracker,2023-07-25
U0490,debit_card,2023-03-03
U0490,mobile_deposit,2022-09-17
U0491,mobile_deposit,2023-04-11
U0491,debit_card,2022-08-25
U0492,debit_card,2023-04-26
U0492,budget_tracker,2022-10-10
U0493,bill_pay,2022-11-10
U0493,referral_program,2022-06-01
U0494,budget_tracker,2022-07-21
U0494,mobile_deposit,2022-05-13
U0494,debit_card,2022-09-23
U0495,mobile_deposit,2022-10-15
U0495,debit_card,2022-12-25
U0495,referral_program,2022-11-21
U0496,referral_program,2023-06-21
U0497,budget_tracker,2022-08-25
U0497,bill_pay,2022-04-16
U0497,debit_card,2022-05-14
U0498,bill_pay,2022-04-08
U0498,debit_card,2022-04-30
U0498,budget_tracker,2022-06-20
U0499,debit_card,2023-07-03
U0500,budget_tracker,2023-03-21
